Tanggal,Musim,Tahun,Bulan,holiday,weekday,workingday,Cuaca,Reguler,Member,Ttl_Penyewa
2011-01-01,Spring,0,Jan,0,Sabtu,0,Berkabut/Berawan,331,654,985
2011-01-02,Spring,0,Jan,0,Minggu,0,Berkabut/Berawan,131,670,801
2011-01-03,Spring,0,Jan,0,Senin,1,Cerah/Sebagian Berawan,120,1229,1349
2011-01-04,Spring,0,Jan,0,Selasa,1,Cerah/Sebagian Berawan,108,1454,1562
2011-01-05,Spring,0,Jan,0,Rabu,1,Cerah/Sebagian Berawan,82,1518,1600
2011-01-06,Spring,0,Jan,0,Kamis,1,Cerah/Sebagian Berawan,88,1518,1606
2011-01-07,Spring,0,Jan,0,Jumat,1,Berkabut/Berawan,148,1362,1510
2011-01-08,Spring,0,Jan,0,Sabtu,0,Berkabut/Berawan,68,891,959
2011-01-09,Spring,0,Jan,0,Minggu,0,Cerah/Sebagian Berawan,54,768,822
2011-01-10,Spring,0,Jan,0,Senin,1,Cerah/Sebagian Berawan,41,1280,1321
2011-01-11,Spring,0,Jan,0,Selasa,1,Berkabut/Berawan,43,1220,1263
2011-01-12,Spring,0,Jan,0,Rabu,1,Cerah/Sebagian Berawan,25,1137,1162
2011-01-13,Spring,0,Jan,0,Kamis,1,Cerah/Sebagian Berawan,38,1368,1406
2011-01-14,Spring,0,Jan,0,Jumat,1,Cerah/Sebagian Berawan,54,1367,1421
2011-01-15,Spring,0,Jan,0,Sabtu,0,Berkabut/Berawan,222,1026,1248
2011-01-16,Spring,0,Jan,0,Minggu,0,Cerah/Sebagian Berawan,251,953,1204
2011-01-17,Spring,0,Jan,1,Senin,0,Berkabut/Berawan,117,883,1000
2011-01-18,Spring,0,Jan,0,Selasa,1,Berkabut/Berawan,9,674,683
2011-01-19,Spring,0,Jan,0,Rabu,1,Berkabut/Berawan,78,1572,1650
2011-01-20,Spring,0,Jan,0,Kamis,1,Berkabut/Berawan,83,1844,1927
2011-01-21,Spring,0,Jan,0,Jumat,1,Cerah/Sebagian Berawan,75,1468,1543
2011-01-22,Spring,0,Jan,0,Sabtu,0,Cerah/Sebagian Berawan,93,888,981
2011-01-23,Spring,0,Jan,0,Minggu,0,Cerah/Sebagian Berawan,150,836,986
2011-01-24,Spring,0,Jan,0,Senin,1,Cerah/Sebagian Berawan,86,1330,1416
2011-01-25,Spring,0,Jan,0,Selasa,1,Berkabut/Berawan,186,1799,1985
2011-01-26,Spring,0,Jan,0,Rabu,1,Salju Ringan/Hujan,34,472,506
2011-01-27,Spring,0,Jan,0,Kamis,1,Cerah/Sebagian Berawan,15,416,431
2011-01-28,Spring,0,Jan,0,Jumat,1,Berkabut/Berawan,38,1129,1167
2011-01-29,Spring,0,Jan,0,Sabtu,0,Cerah/Sebagian Berawan,123,975,1098
2011-01-30,Spring,0,Jan,0,Minggu,0,Cerah/Sebagian Berawan,140,956,1096
2011-01-31,Spring,0,Jan,0,Senin,1,Berkabut/Berawan,42,1459,1501
2011-02-01,Spring,0,Feb,0,Selasa,1,Berkabut/Berawan,47,1313,1360
2011-02-02,Spring,0,Feb,0,Rabu,1,Berkabut/Berawan,72,1454,1526
2011-02-03,Spring,0,Feb,0,Kamis,1,Cerah/Sebagian Berawan,61,1489,1550
2011-02-04,Spring,0,Feb,0,Jumat,1,Berkabut/Berawan,88,1620,1708
2011-02-05,Spring,0,Feb,0,Sabtu,0,Berkabut/Berawan,100,905,1005
2011-02-06,Spring,0,Feb,0,Minggu,0,Cerah/Sebagian Berawan,354,1269,1623
2011-02-07,Spring,0,Feb,0,Senin,1,Cerah/Sebagian Berawan,120,1592,1712
2011-02-08,Spring,0,Feb,0,Selasa,1,Cerah/Sebagian Berawan,64,1466,1530
2011-02-09,Spring,0,Feb,0,Rabu,1,Berkabut/Berawan,53,1552,1605
2011-02-10,Spring,0,Feb,0,Kamis,1,Cerah/Sebagian Berawan,47,1491,1538
2011-02-11,Spring,0,Feb,0,Jumat,1,Cerah/Sebagian Berawan,149,1597,1746
2011-02-12,Spring,0,Feb,0,Sabtu,0,Cerah/Sebagian Berawan,288,1184,1472
2011-02-13,Spring,0,Feb,0,Minggu,0,Cerah/Sebagian Berawan,397,1192,1589
2011-02-14,Spring,0,Feb,0,Senin,1,Cerah/Sebagian Berawan,208,1705,1913
2011-02-15,Spring,0,Feb,0,Selasa,1,Cerah/Sebagian Berawan,140,1675,1815
2011-02-16,Spring,0,Feb,0,Rabu,1,Cerah/Sebagian Berawan,218,1897,2115
2011-02-17,Spring,0,Feb,0,Kamis,1,Cerah/Sebagian Berawan,259,2216,2475
2011-02-18,Spring,0,Feb,0,Jumat,1,Cerah/Sebagian Berawan,579,2348,2927
2011-02-19,Spring,0,Feb,0,Sabtu,0,Cerah/Sebagian Berawan,532,1103,1635
2011-02-20,Spring,0,Feb,0,Minggu,0,Cerah/Sebagian Berawan,639,1173,1812
2011-02-21,Spring,0,Feb,1,Senin,0,Berkabut/Berawan,195,912,1107
2011-02-22,Spring,0,Feb,0,Selasa,1,Cerah/Sebagian Berawan,74,1376,1450
2011-02-23,Spring,0,Feb,0,Rabu,1,Cerah/Sebagian Berawan,139,1778,1917
2011-02-24,Spring,0,Feb,0,Kamis,1,Berkabut/Berawan,100,1707,1807
2011-02-25,Spring,0,Feb,0,Jumat,1,Berkabut/Berawan,120,1341,1461
2011-02-26,Spring,0,Feb,0,Sabtu,0,Cerah/Sebagian Berawan,424,1545,1969
2011-02-27,Spring,0,Feb,0,Minggu,0,Cerah/Sebagian Berawan,694,1708,2402
2011-02-28,Spring,0,Feb,0,Senin,1,Berkabut/Berawan,81,1365,1446
2011-03-01,Spring,0,Mar,0,Selasa,1,Cerah/Sebagian Berawan,137,1714,1851
2011-03-02,Spring,0,Mar,0,Rabu,1,Cerah/Sebagian Berawan,231,1903,2134
2011-03-03,Spring,0,Mar,0,Kamis,1,Cerah/Sebagian Berawan,123,1562,1685
2011-03-04,Spring,0,Mar,0,Jumat,1,Berkabut/Berawan,214,1730,1944
2011-03-05,Spring,0,Mar,0,Sabtu,0,Berkabut/Berawan,640,1437,2077
2011-03-06,Spring,0,Mar,0,Minggu,0,Berkabut/Berawan,114,491,605
2011-03-07,Spring,0,Mar,0,Senin,1,Cerah/Sebagian Berawan,244,1628,1872
2011-03-08,Spring,0,Mar,0,Selasa,1,Cerah/Sebagian Berawan,316,1817,2133
2011-03-09,Spring,0,Mar,0,Rabu,1,Berkabut/Berawan,191,1700,1891
2011-03-10,Spring,0,Mar,0,Kamis,1,Salju Ringan/Hujan,46,577,623
2011-03-11,Spring,0,Mar,0,Jumat,1,Berkabut/Berawan,247,1730,1977
2011-03-12,Spring,0,Mar,0,Sabtu,0,Cerah/Sebagian Berawan,724,1408,2132
2011-03-13,Spring,0,Mar,0,Minggu,0,Cerah/Sebagian Berawan,982,1435,2417
2011-03-14,Spring,0,Mar,0,Senin,1,Cerah/Sebagian Berawan,359,1687,2046
2011-03-15,Spring,0,Mar,0,Selasa,1,Berkabut/Berawan,289,1767,2056
2011-03-16,Spring,0,Mar,0,Rabu,1,Berkabut/Berawan,321,1871,2192
2011-03-17,Spring,0,Mar,0,Kamis,1,Cerah/Sebagian Berawan,424,2320,2744
2011-03-18,Spring,0,Mar,0,Jumat,1,Cerah/Sebagian Berawan,884,2355,3239
2011-03-19,Spring,0,Mar,0,Sabtu,0,Cerah/Sebagian Berawan,1424,1693,3117
2011-03-20,Spring,0,Mar,0,Minggu,0,Cerah/Sebagian Berawan,1047,1424,2471
2011-03-21,Summer,0,Mar,0,Senin,1,Berkabut/Berawan,401,1676,2077
2011-03-22,Summer,0,Mar,0,Selasa,1,Cerah/Sebagian Berawan,460,2243,2703
2011-03-23,Summer,0,Mar,0,Rabu,1,Berkabut/Berawan,203,1918,2121
2011-03-24,Summer,0,Mar,0,Kamis,1,Berkabut/Berawan,166,1699,1865
2011-03-25,Summer,0,Mar,0,Jumat,1,Cerah/Sebagian Berawan,300,1910,2210
2011-03-26,Summer,0,Mar,0,Sabtu,0,Cerah/Sebagian Berawan,981,1515,2496
2011-03-27,Summer,0,Mar,0,Minggu,0,Berkabut/Berawan,472,1221,1693
2011-03-28,Summer,0,Mar,0,Senin,1,Cerah/Sebagian Berawan,222,1806,2028
2011-03-29,Summer,0,Mar,0,Selasa,1,Cerah/Sebagian Berawan,317,2108,2425
2011-03-30,Summer,0,Mar,0,Rabu,1,Berkabut/Berawan,168,1368,1536
2011-03-31,Summer,0,Mar,0,Kamis,1,Salju Ringan/Hujan,179,1506,1685
2011-04-01,Summer,0,Apr,0,Jumat,1,Berkabut/Berawan,307,1920,2227
2011-04-02,Summer,0,Apr,0,Sabtu,0,Berkabut/Berawan,898,1354,2252
2011-04-03,Summer,0,Apr,0,Minggu,0,Cerah/Sebagian Berawan,1651,1598,3249
2011-04-04,Summer,0,Apr,0,Senin,1,Cerah/Sebagian Berawan,734,2381,3115
2011-04-05,Summer,0,Apr,0,Selasa,1,Berkabut/Berawan,167,1628,1795
2011-04-06,Summer,0,Apr,0,Rabu,1,Cerah/Sebagian Berawan,413,2395,2808
2011-04-07,Summer,0,Apr,0,Kamis,1,Cerah/Sebagian Berawan,571,2570,3141
2011-04-08,Summer,0,Apr,0,Jumat,1,Berkabut/Berawan,172,1299,1471
2011-04-09,Summer,0,Apr,0,Sabtu,0,Berkabut/Berawan,879,1576,2455
2011-04-10,Summer,0,Apr,0,Minggu,0,Berkabut/Berawan,1188,1707,2895
2011-04-11,Summer,0,Apr,0,Senin,1,Berkabut/Berawan,855,2493,3348
2011-04-12,Summer,0,Apr,0,Selasa,1,Berkabut/Berawan,257,1777,2034
2011-04-13,Summer,0,Apr,0,Rabu,1,Berkabut/Berawan,209,1953,2162
2011-04-14,Summer,0,Apr,0,Kamis,1,Cerah/Sebagian Berawan,529,2738,3267
2011-04-15,Summer,0,Apr,1,Jumat,0,Cerah/Sebagian Berawan,642,2484,3126
2011-04-16,Summer,0,Apr,0,Sabtu,0,Salju Ringan/Hujan,121,674,795
2011-04-17,Summer,0,Apr,0,Minggu,0,Cerah/Sebagian Berawan,1558,2186,3744
2011-04-18,Summer,0,Apr,0,Senin,1,Cerah/Sebagian Berawan,669,2760,3429
2011-04-19,Summer,0,Apr,0,Selasa,1,Berkabut/Berawan,409,2795,3204
2011-04-20,Summer,0,Apr,0,Rabu,1,Cerah/Sebagian Berawan,613,3331,3944
2011-04-21,Summer,0,Apr,0,Kamis,1,Cerah/Sebagian Berawan,745,3444,4189
2011-04-22,Summer,0,Apr,0,Jumat,1,Berkabut/Berawan,177,1506,1683
2011-04-23,Summer,0,Apr,0,Sabtu,0,Berkabut/Berawan,1462,2574,4036
2011-04-24,Summer,0,Apr,0,Minggu,0,Berkabut/Berawan,1710,2481,4191
2011-04-25,Summer,0,Apr,0,Senin,1,Cerah/Sebagian Berawan,773,3300,4073
2011-04-26,Summer,0,Apr,0,Selasa,1,Cerah/Sebagian Berawan,678,3722,4400
2011-04-27,Summer,0,Apr,0,Rabu,1,Berkabut/Berawan,547,3325,3872
2011-04-28,Summer,0,Apr,0,Kamis,1,Berkabut/Berawan,569,3489,4058
2011-04-29,Summer,0,Apr,0,Jumat,1,Cerah/Sebagian Berawan,878,3717,4595
2011-04-30,Summer,0,Apr,0,Sabtu,0,Cerah/Sebagian Berawan,1965,3347,5312
2011-05-01,Summer,0,May,0,Minggu,0,Berkabut/Berawan,1138,2213,3351
2011-05-02,Summer,0,May,0,Senin,1,Berkabut/Berawan,847,3554,4401
2011-05-03,Summer,0,May,0,Selasa,1,Berkabut/Berawan,603,3848,4451
2011-05-04,Summer,0,May,0,Rabu,1,Berkabut/Berawan,255,2378,2633
2011-05-05,Summer,0,May,0,Kamis,1,Cerah/Sebagian Berawan,614,3819,4433
2011-05-06,Summer,0,May,0,Jumat,1,Cerah/Sebagian Berawan,894,3714,4608
2011-05-07,Summer,0,May,0,Sabtu,0,Cerah/Sebagian Berawan,1612,3102,4714
2011-05-08,Summer,0,May,0,Minggu,0,Cerah/Sebagian Berawan,1401,2932,4333
2011-05-09,Summer,0,May,0,Senin,1,Cerah/Sebagian Berawan,664,3698,4362
2011-05-10,Summer,0,May,0,Selasa,1,Cerah/Sebagian Berawan,694,4109,4803
2011-05-11,Summer,0,May,0,Rabu,1,Cerah/Sebagian Berawan,550,3632,4182
2011-05-12,Summer,0,May,0,Kamis,1,Cerah/Sebagian Berawan,695,4169,4864
2011-05-13,Summer,0,May,0,Jumat,1,Berkabut/Berawan,692,3413,4105
2011-05-14,Summer,0,May,0,Sabtu,0,Berkabut/Berawan,902,2507,3409
2011-05-15,Summer,0,May,0,Minggu,0,Berkabut/Berawan,1582,2971,4553
2011-05-16,Summer,0,May,0,Senin,1,Cerah/Sebagian Berawan,773,3185,3958
2011-05-17,Summer,0,May,0,Selasa,1,Berkabut/Berawan,678,3445,4123
2011-05-18,Summer,0,May,0,Rabu,1,Berkabut/Berawan,536,3319,3855
2011-05-19,Summer,0,May,0,Kamis,1,Berkabut/Berawan,735,3840,4575
2011-05-20,Summer,0,May,0,Jumat,1,Cerah/Sebagian Berawan,909,4008,4917
2011-05-21,Summer,0,May,0,Sabtu,0,Cerah/Sebagian Berawan,2258,3547,5805
2011-05-22,Summer,0,May,0,Minggu,0,Cerah/Sebagian Berawan,1576,3084,4660
2011-05-23,Summer,0,May,0,Senin,1,Berkabut/Berawan,836,3438,4274
2011-05-24,Summer,0,May,0,Selasa,1,Berkabut/Berawan,659,3833,4492
2011-05-25,Summer,0,May,0,Rabu,1,Cerah/Sebagian Berawan,740,4238,4978
2011-05-26,Summer,0,May,0,Kamis,1,Cerah/Sebagian Berawan,758,3919,4677
2011-05-27,Summer,0,May,0,Jumat,1,Cerah/Sebagian Berawan,871,3808,4679
2011-05-28,Summer,0,May,0,Sabtu,0,Cerah/Sebagian Berawan,2001,2757,4758
2011-05-29,Summer,0,May,0,Minggu,0,Cerah/Sebagian Berawan,2355,2433,4788
2011-05-30,Summer,0,May,1,Senin,0,Cerah/Sebagian Berawan,1549,2549,4098
2011-05-31,Summer,0,May,0,Selasa,1,Cerah/Sebagian Berawan,673,3309,3982
2011-06-01,Summer,0,Jun,0,Rabu,1,Berkabut/Berawan,513,3461,3974
2011-06-02,Summer,0,Jun,0,Kamis,1,Cerah/Sebagian Berawan,736,4232,4968
2011-06-03,Summer,0,Jun,0,Jumat,1,Cerah/Sebagian Berawan,898,4414,5312
2011-06-04,Summer,0,Jun,0,Sabtu,0,Cerah/Sebagian Berawan,1869,3473,5342
2011-06-05,Summer,0,Jun,0,Minggu,0,Berkabut/Berawan,1685,3221,4906
2011-06-06,Summer,0,Jun,0,Senin,1,Cerah/Sebagian Berawan,673,3875,4548
2011-06-07,Summer,0,Jun,0,Selasa,1,Cerah/Sebagian Berawan,763,4070,4833
2011-06-08,Summer,0,Jun,0,Rabu,1,Cerah/Sebagian Berawan,676,3725,4401
2011-06-09,Summer,0,Jun,0,Kamis,1,Berkabut/Berawan,563,3352,3915
2011-06-10,Summer,0,Jun,0,Jumat,1,Cerah/Sebagian Berawan,815,3771,4586
2011-06-11,Summer,0,Jun,0,Sabtu,0,Cerah/Sebagian Berawan,1729,3237,4966
2011-06-12,Summer,0,Jun,0,Minggu,0,Cerah/Sebagian Berawan,1467,2993,4460
2011-06-13,Summer,0,Jun,0,Senin,1,Cerah/Sebagian Berawan,863,4157,5020
2011-06-14,Summer,0,Jun,0,Selasa,1,Cerah/Sebagian Berawan,727,4164,4891
2011-06-15,Summer,0,Jun,0,Rabu,1,Cerah/Sebagian Berawan,769,4411,5180
2011-06-16,Summer,0,Jun,0,Kamis,1,Berkabut/Berawan,545,3222,3767
2011-06-17,Summer,0,Jun,0,Jumat,1,Cerah/Sebagian Berawan,863,3981,4844
2011-06-18,Summer,0,Jun,0,Sabtu,0,Cerah/Sebagian Berawan,1807,3312,5119
2011-06-19,Summer,0,Jun,0,Minggu,0,Berkabut/Berawan,1639,3105,4744
2011-06-20,Summer,0,Jun,0,Senin,1,Berkabut/Berawan,699,3311,4010
2011-06-21,Fall,0,Jun,0,Selasa,1,Berkabut/Berawan,774,4061,4835
2011-06-22,Fall,0,Jun,0,Rabu,1,Cerah/Sebagian Berawan,661,3846,4507
2011-06-23,Fall,0,Jun,0,Kamis,1,Berkabut/Berawan,746,4044,4790
2011-06-24,Fall,0,Jun,0,Jumat,1,Cerah/Sebagian Berawan,969,4022,4991
2011-06-25,Fall,0,Jun,0,Sabtu,0,Cerah/Sebagian Berawan,1782,3420,5202
2011-06-26,Fall,0,Jun,0,Minggu,0,Cerah/Sebagian Berawan,1920,3385,5305
2011-06-27,Fall,0,Jun,0,Senin,1,Berkabut/Berawan,854,3854,4708
2011-06-28,Fall,0,Jun,0,Selasa,1,Cerah/Sebagian Berawan,732,3916,4648
2011-06-29,Fall,0,Jun,0,Rabu,1,Cerah/Sebagian Berawan,848,4377,5225
2011-06-30,Fall,0,Jun,0,Kamis,1,Cerah/Sebagian Berawan,1027,4488,5515
2011-07-01,Fall,0,Jul,0,Jumat,1,Cerah/Sebagian Berawan,1246,4116,5362
2011-07-02,Fall,0,Jul,0,Sabtu,0,Cerah/Sebagian Berawan,2204,2915,5119
2011-07-03,Fall,0,Jul,0,Minggu,0,Berkabut/Berawan,2282,2367,4649
2011-07-04,Fall,0,Jul,1,Senin,0,Berkabut/Berawan,3065,2978,6043
2011-07-05,Fall,0,Jul,0,Selasa,1,Cerah/Sebagian Berawan,1031,3634,4665
2011-07-06,Fall,0,Jul,0,Rabu,1,Cerah/Sebagian Berawan,784,3845,4629
2011-07-07,Fall,0,Jul,0,Kamis,1,Cerah/Sebagian Berawan,754,3838,4592
2011-07-08,Fall,0,Jul,0,Jumat,1,Berkabut/Berawan,692,3348,4040
2011-07-09,Fall,0,Jul,0,Sabtu,0,Cerah/Sebagian Berawan,1988,3348,5336
2011-07-10,Fall,0,Jul,0,Minggu,0,Cerah/Sebagian Berawan,1743,3138,4881
2011-07-11,Fall,0,Jul,0,Senin,1,Cerah/Sebagian Berawan,723,3363,4086
2011-07-12,Fall,0,Jul,0,Selasa,1,Cerah/Sebagian Berawan,662,3596,4258
2011-07-13,Fall,0,Jul,0,Rabu,1,Cerah/Sebagian Berawan,748,3594,4342
2011-07-14,Fall,0,Jul,0,Kamis,1,Cerah/Sebagian Berawan,888,4196,5084
2011-07-15,Fall,0,Jul,0,Jumat,1,Cerah/Sebagian Berawan,1318,4220,5538
2011-07-16,Fall,0,Jul,0,Sabtu,0,Cerah/Sebagian Berawan,2418,3505,5923
2011-07-17,Fall,0,Jul,0,Minggu,0,Cerah/Sebagian Berawan,2006,3296,5302
2011-07-18,Fall,0,Jul,0,Senin,1,Cerah/Sebagian Berawan,841,3617,4458
2011-07-19,Fall,0,Jul,0,Selasa,1,Cerah/Sebagian Berawan,752,3789,4541
2011-07-20,Fall,0,Jul,0,Rabu,1,Cerah/Sebagian Berawan,644,3688,4332
2011-07-21,Fall,0,Jul,0,Kamis,1,Berkabut/Berawan,632,3152,3784
2011-07-22,Fall,0,Jul,0,Jumat,1,Cerah/Sebagian Berawan,562,2825,3387
2011-07-23,Fall,0,Jul,0,Sabtu,0,Cerah/Sebagian Berawan,987,2298,3285
2011-07-24,Fall,0,Jul,0,Minggu,0,Cerah/Sebagian Berawan,1050,2556,3606
2011-07-25,Fall,0,Jul,0,Senin,1,Cerah/Sebagian Berawan,568,3272,3840
2011-07-26,Fall,0,Jul,0,Selasa,1,Cerah/Sebagian Berawan,750,3840,4590
2011-07-27,Fall,0,Jul,0,Rabu,1,Cerah/Sebagian Berawan,755,3901,4656
2011-07-28,Fall,0,Jul,0,Kamis,1,Cerah/Sebagian Berawan,606,3784,4390
2011-07-29,Fall,0,Jul,0,Jumat,1,Cerah/Sebagian Berawan,670,3176,3846
2011-07-30,Fall,0,Jul,0,Sabtu,0,Cerah/Sebagian Berawan,1559,2916,4475
2011-07-31,Fall,0,Jul,0,Minggu,0,Cerah/Sebagian Berawan,1524,2778,4302
2011-08-01,Fall,0,Aug,0,Senin,1,Cerah/Sebagian Berawan,729,3537,4266
2011-08-02,Fall,0,Aug,0,Selasa,1,Cerah/Sebagian Berawan,801,4044,4845
2011-08-03,Fall,0,Aug,0,Rabu,1,Berkabut/Berawan,467,3107,3574
2011-08-04,Fall,0,Aug,0,Kamis,1,Berkabut/Berawan,799,3777,4576
2011-08-05,Fall,0,Aug,0,Jumat,1,Cerah/Sebagian Berawan,1023,3843,4866
2011-08-06,Fall,0,Aug,0,Sabtu,0,Berkabut/Berawan,1521,2773,4294
2011-08-07,Fall,0,Aug,0,Minggu,0,Cerah/Sebagian Berawan,1298,2487,3785
2011-08-08,Fall,0,Aug,0,Senin,1,Cerah/Sebagian Berawan,846,3480,4326
2011-08-09,Fall,0,Aug,0,Selasa,1,Cerah/Sebagian Berawan,907,3695,4602
2011-08-10,Fall,0,Aug,0,Rabu,1,Cerah/Sebagian Berawan,884,3896,4780
2011-08-11,Fall,0,Aug,0,Kamis,1,Cerah/Sebagian Berawan,812,3980,4792
2011-08-12,Fall,0,Aug,0,Jumat,1,Cerah/Sebagian Berawan,1051,3854,4905
2011-08-13,Fall,0,Aug,0,Sabtu,0,Berkabut/Berawan,1504,2646,4150
2011-08-14,Fall,0,Aug,0,Minggu,0,Berkabut/Berawan,1338,2482,3820
2011-08-15,Fall,0,Aug,0,Senin,1,Cerah/Sebagian Berawan,775,3563,4338
2011-08-16,Fall,0,Aug,0,Selasa,1,Cerah/Sebagian Berawan,721,4004,4725
2011-08-17,Fall,0,Aug,0,Rabu,1,Cerah/Sebagian Berawan,668,4026,4694
2011-08-18,Fall,0,Aug,0,Kamis,1,Cerah/Sebagian Berawan,639,3166,3805
2011-08-19,Fall,0,Aug,0,Jumat,1,Berkabut/Berawan,797,3356,4153
2011-08-20,Fall,0,Aug,0,Sabtu,0,Cerah/Sebagian Berawan,1914,3277,5191
2011-08-21,Fall,0,Aug,0,Minggu,0,Cerah/Sebagian Berawan,1249,2624,3873
2011-08-22,Fall,0,Aug,0,Senin,1,Cerah/Sebagian Berawan,833,3925,4758
2011-08-23,Fall,0,Aug,0,Selasa,1,Cerah/Sebagian Berawan,1281,4614,5895
2011-08-24,Fall,0,Aug,0,Rabu,1,Cerah/Sebagian Berawan,949,4181,5130
2011-08-25,Fall,0,Aug,0,Kamis,1,Berkabut/Berawan,435,3107,3542
2011-08-26,Fall,0,Aug,0,Jumat,1,Cerah/Sebagian Berawan,768,3893,4661
2011-08-27,Fall,0,Aug,0,Sabtu,0,Berkabut/Berawan,226,889,1115
2011-08-28,Fall,0,Aug,0,Minggu,0,Cerah/Sebagian Berawan,1415,2919,4334
2011-08-29,Fall,0,Aug,0,Senin,1,Cerah/Sebagian Berawan,729,3905,4634
2011-08-30,Fall,0,Aug,0,Selasa,1,Cerah/Sebagian Berawan,775,4429,5204
2011-08-31,Fall,0,Aug,0,Rabu,1,Cerah/Sebagian Berawan,688,4370,5058
2011-09-01,Fall,0,Sep,0,Kamis,1,Cerah/Sebagian Berawan,783,4332,5115
2011-09-02,Fall,0,Sep,0,Jumat,1,Berkabut/Berawan,875,3852,4727
2011-09-03,Fall,0,Sep,0,Sabtu,0,Cerah/Sebagian Berawan,1935,2549,4484
2011-09-04,Fall,0,Sep,0,Minggu,0,Cerah/Sebagian Berawan,2521,2419,4940
2011-09-05,Fall,0,Sep,1,Senin,0,Berkabut/Berawan,1236,2115,3351
2011-09-06,Fall,0,Sep,0,Selasa,1,Salju Ringan/Hujan,204,2506,2710
2011-09-07,Fall,0,Sep,0,Rabu,1,Salju Ringan/Hujan,118,1878,1996
2011-09-08,Fall,0,Sep,0,Kamis,1,Salju Ringan/Hujan,153,1689,1842
2011-09-09,Fall,0,Sep,0,Jumat,1,Berkabut/Berawan,417,3127,3544
2011-09-10,Fall,0,Sep,0,Sabtu,0,Cerah/Sebagian Berawan,1750,3595,5345
2011-09-11,Fall,0,Sep,0,Minggu,0,Cerah/Sebagian Berawan,1633,3413,5046
2011-09-12,Fall,0,Sep,0,Senin,1,Cerah/Sebagian Berawan,690,4023,4713
2011-09-13,Fall,0,Sep,0,Selasa,1,Cerah/Sebagian Berawan,701,4062,4763
2011-09-14,Fall,0,Sep,0,Rabu,1,Cerah/Sebagian Berawan,647,4138,4785
2011-09-15,Fall,0,Sep,0,Kamis,1,Berkabut/Berawan,428,3231,3659
2011-09-16,Fall,0,Sep,0,Jumat,1,Berkabut/Berawan,742,4018,4760
2011-09-17,Fall,0,Sep,0,Sabtu,0,Berkabut/Berawan,1434,3077,4511
2011-09-18,Fall,0,Sep,0,Minggu,0,Cerah/Sebagian Berawan,1353,2921,4274
2011-09-19,Fall,0,Sep,0,Senin,1,Berkabut/Berawan,691,3848,4539
2011-09-20,Fall,0,Sep,0,Selasa,1,Berkabut/Berawan,438,3203,3641
2011-09-21,Fall,0,Sep,0,Rabu,1,Berkabut/Berawan,539,3813,4352
2011-09-22,Fall,0,Sep,0,Kamis,1,Berkabut/Berawan,555,4240,4795
2011-09-23,Winter,0,Sep,0,Jumat,1,Berkabut/Berawan,258,2137,2395
2011-09-24,Winter,0,Sep,0,Sabtu,0,Berkabut/Berawan,1776,3647,5423
2011-09-25,Winter,0,Sep,0,Minggu,0,Berkabut/Berawan,1544,3466,5010
2011-09-26,Winter,0,Sep,0,Senin,1,Berkabut/Berawan,684,3946,4630
2011-09-27,Winter,0,Sep,0,Selasa,1,Berkabut/Berawan,477,3643,4120
2011-09-28,Winter,0,Sep,0,Rabu,1,Berkabut/Berawan,480,3427,3907
2011-09-29,Winter,0,Sep,0,Kamis,1,Cerah/Sebagian Berawan,653,4186,4839
2011-09-30,Winter,0,Sep,0,Jumat,1,Cerah/Sebagian Berawan,830,4372,5202
2011-10-01,Winter,0,Oct,0,Sabtu,0,Berkabut/Berawan,480,1949,2429
2011-10-02,Winter,0,Oct,0,Minggu,0,Berkabut/Berawan,616,2302,2918
2011-10-03,Winter,0,Oct,0,Senin,1,Berkabut/Berawan,330,3240,3570
2011-10-04,Winter,0,Oct,0,Selasa,1,Cerah/Sebagian Berawan,486,3970,4456
2011-10-05,Winter,0,Oct,0,Rabu,1,Cerah/Sebagian Berawan,559,4267,4826
2011-10-06,Winter,0,Oct,0,Kamis,1,Cerah/Sebagian Berawan,639,4126,4765
2011-10-07,Winter,0,Oct,0,Jumat,1,Cerah/Sebagian Berawan,949,4036,4985
2011-10-08,Winter,0,Oct,0,Sabtu,0,Cerah/Sebagian Berawan,2235,3174,5409
2011-10-09,Winter,0,Oct,0,Minggu,0,Cerah/Sebagian Berawan,2397,3114,5511
2011-10-10,Winter,0,Oct,1,Senin,0,Cerah/Sebagian Berawan,1514,3603,5117
2011-10-11,Winter,0,Oct,0,Selasa,1,Berkabut/Berawan,667,3896,4563
2011-10-12,Winter,0,Oct,0,Rabu,1,Salju Ringan/Hujan,217,2199,2416
2011-10-13,Winter,0,Oct,0,Kamis,1,Berkabut/Berawan,290,2623,2913
2011-10-14,Winter,0,Oct,0,Jumat,1,Berkabut/Berawan,529,3115,3644
2011-10-15,Winter,0,Oct,0,Sabtu,0,Cerah/Sebagian Berawan,1899,3318,5217
2011-10-16,Winter,0,Oct,0,Minggu,0,Cerah/Sebagian Berawan,1748,3293,5041
2011-10-17,Winter,0,Oct,0,Senin,1,Cerah/Sebagian Berawan,713,3857,4570
2011-10-18,Winter,0,Oct,0,Selasa,1,Berkabut/Berawan,637,4111,4748
2011-10-19,Winter,0,Oct,0,Rabu,1,Salju Ringan/Hujan,254,2170,2424
2011-10-20,Winter,0,Oct,0,Kamis,1,Cerah/Sebagian Berawan,471,3724,4195
2011-10-21,Winter,0,Oct,0,Jumat,1,Cerah/Sebagian Berawan,676,3628,4304
2011-10-22,Winter,0,Oct,0,Sabtu,0,Cerah/Sebagian Berawan,1499,2809,4308
2011-10-23,Winter,0,Oct,0,Minggu,0,Cerah/Sebagian Berawan,1619,2762,4381
2011-10-24,Winter,0,Oct,0,Senin,1,Cerah/Sebagian Berawan,699,3488,4187
2011-10-25,Winter,0,Oct,0,Selasa,1,Cerah/Sebagian Berawan,695,3992,4687
2011-10-26,Winter,0,Oct,0,Rabu,1,Berkabut/Berawan,404,3490,3894
2011-10-27,Winter,0,Oct,0,Kamis,1,Berkabut/Berawan,240,2419,2659
2011-10-28,Winter,0,Oct,0,Jumat,1,Berkabut/Berawan,456,3291,3747
2011-10-29,Winter,0,Oct,0,Sabtu,0,Salju Ringan/Hujan,57,570,627
2011-10-30,Winter,0,Oct,0,Minggu,0,Cerah/Sebagian Berawan,885,2446,3331
2011-10-31,Winter,0,Oct,0,Senin,1,Cerah/Sebagian Berawan,362,3307,3669
2011-11-01,Winter,0,Nov,0,Selasa,1,Cerah/Sebagian Berawan,410,3658,4068
2011-11-02,Winter,0,Nov,0,Rabu,1,Cerah/Sebagian Berawan,370,3816,4186
2011-11-03,Winter,0,Nov,0,Kamis,1,Cerah/Sebagian Berawan,318,3656,3974
2011-11-04,Winter,0,Nov,0,Jumat,1,Berkabut/Berawan,470,3576,4046
2011-11-05,Winter,0,Nov,0,Sabtu,0,Cerah/Sebagian Berawan,1156,2770,3926
2011-11-06,Winter,0,Nov,0,Minggu,0,Cerah/Sebagian Berawan,952,2697,3649
2011-11-07,Winter,0,Nov,0,Senin,1,Cerah/Sebagian Berawan,373,3662,4035
2011-11-08,Winter,0,Nov,0,Selasa,1,Cerah/Sebagian Berawan,376,3829,4205
2011-11-09,Winter,0,Nov,0,Rabu,1,Cerah/Sebagian Berawan,305,3804,4109
2011-11-10,Winter,0,Nov,0,Kamis,1,Berkabut/Berawan,190,2743,2933
2011-11-11,Winter,0,Nov,1,Jumat,0,Cerah/Sebagian Berawan,440,2928,3368
2011-11-12,Winter,0,Nov,0,Sabtu,0,Cerah/Sebagian Berawan,1275,2792,4067
2011-11-13,Winter,0,Nov,0,Minggu,0,Cerah/Sebagian Berawan,1004,2713,3717
2011-11-14,Winter,0,Nov,0,Senin,1,Cerah/Sebagian Berawan,595,3891,4486
2011-11-15,Winter,0,Nov,0,Selasa,1,Berkabut/Berawan,449,3746,4195
2011-11-16,Winter,0,Nov,0,Rabu,1,Salju Ringan/Hujan,145,1672,1817
2011-11-17,Winter,0,Nov,0,Kamis,1,Berkabut/Berawan,139,2914,3053
2011-11-18,Winter,0,Nov,0,Jumat,1,Cerah/Sebagian Berawan,245,3147,3392
2011-11-19,Winter,0,Nov,0,Sabtu,0,Cerah/Sebagian Berawan,943,2720,3663
2011-11-20,Winter,0,Nov,0,Minggu,0,Berkabut/Berawan,787,2733,3520
2011-11-21,Winter,0,Nov,0,Senin,1,Salju Ringan/Hujan,220,2545,2765
2011-11-22,Winter,0,Nov,0,Selasa,1,Salju Ringan/Hujan,69,1538,1607
2011-11-23,Winter,0,Nov,0,Rabu,1,Berkabut/Berawan,112,2454,2566
2011-11-24,Winter,0,Nov,1,Kamis,0,Cerah/Sebagian Berawan,560,935,1495
2011-11-25,Winter,0,Nov,0,Jumat,1,Cerah/Sebagian Berawan,1095,1697,2792
2011-11-26,Winter,0,Nov,0,Sabtu,0,Cerah/Sebagian Berawan,1249,1819,3068
2011-11-27,Winter,0,Nov,0,Minggu,0,Cerah/Sebagian Berawan,810,2261,3071
2011-11-28,Winter,0,Nov,0,Senin,1,Cerah/Sebagian Berawan,253,3614,3867
2011-11-29,Winter,0,Nov,0,Selasa,1,Berkabut/Berawan,96,2818,2914
2011-11-30,Winter,0,Nov,0,Rabu,1,Cerah/Sebagian Berawan,188,3425,3613
2011-12-01,Winter,0,Dec,0,Kamis,1,Cerah/Sebagian Berawan,182,3545,3727
2011-12-02,Winter,0,Dec,0,Jumat,1,Cerah/Sebagian Berawan,268,3672,3940
2011-12-03,Winter,0,Dec,0,Sabtu,0,Cerah/Sebagian Berawan,706,2908,3614
2011-12-04,Winter,0,Dec,0,Minggu,0,Cerah/Sebagian Berawan,634,2851,3485
2011-12-05,Winter,0,Dec,0,Senin,1,Berkabut/Berawan,233,3578,3811
2011-12-06,Winter,0,Dec,0,Selasa,1,Salju Ringan/Hujan,126,2468,2594
2011-12-07,Winter,0,Dec,0,Rabu,1,Salju Ringan/Hujan,50,655,705
2011-12-08,Winter,0,Dec,0,Kamis,1,Cerah/Sebagian Berawan,150,3172,3322
2011-12-09,Winter,0,Dec,0,Jumat,1,Cerah/Sebagian Berawan,261,3359,3620
2011-12-10,Winter,0,Dec,0,Sabtu,0,Cerah/Sebagian Berawan,502,2688,3190
2011-12-11,Winter,0,Dec,0,Minggu,0,Cerah/Sebagian Berawan,377,2366,2743
2011-12-12,Winter,0,Dec,0,Senin,1,Cerah/Sebagian Berawan,143,3167,3310
2011-12-13,Winter,0,Dec,0,Selasa,1,Cerah/Sebagian Berawan,155,3368,3523
2011-12-14,Winter,0,Dec,0,Rabu,1,Berkabut/Berawan,178,3562,3740
2011-12-15,Winter,0,Dec,0,Kamis,1,Berkabut/Berawan,181,3528,3709
2011-12-16,Winter,0,Dec,0,Jumat,1,Berkabut/Berawan,178,3399,3577
2011-12-17,Winter,0,Dec,0,Sabtu,0,Berkabut/Berawan,275,2464,2739
2011-12-18,Winter,0,Dec,0,Minggu,0,Cerah/Sebagian Berawan,220,2211,2431
2011-12-19,Winter,0,Dec,0,Senin,1,Cerah/Sebagian Berawan,260,3143,3403
2011-12-20,Winter,0,Dec,0,Selasa,1,Berkabut/Berawan,216,3534,3750
2011-12-21,Spring,0,Dec,0,Rabu,1,Berkabut/Berawan,107,2553,2660
2011-12-22,Spring,0,Dec,0,Kamis,1,Berkabut/Berawan,227,2841,3068
2011-12-23,Spring,0,Dec,0,Jumat,1,Cerah/Sebagian Berawan,163,2046,2209
2011-12-24,Spring,0,Dec,0,Sabtu,0,Cerah/Sebagian Berawan,155,856,1011
2011-12-25,Spring,0,Dec,0,Minggu,0,Cerah/Sebagian Berawan,303,451,754
2011-12-26,Spring,0,Dec,1,Senin,0,Cerah/Sebagian Berawan,430,887,1317
2011-12-27,Spring,0,Dec,0,Selasa,1,Berkabut/Berawan,103,1059,1162
2011-12-28,Spring,0,Dec,0,Rabu,1,Cerah/Sebagian Berawan,255,2047,2302
2011-12-29,Spring,0,Dec,0,Kamis,1,Cerah/Sebagian Berawan,254,2169,2423
2011-12-30,Spring,0,Dec,0,Jumat,1,Cerah/Sebagian Berawan,491,2508,2999
2011-12-31,Spring,0,Dec,0,Sabtu,0,Cerah/Sebagian Berawan,665,1820,2485
2012-01-01,Spring,1,Jan,0,Minggu,0,Cerah/Sebagian Berawan,686,1608,2294
2012-01-02,Spring,1,Jan,1,Senin,0,Cerah/Sebagian Berawan,244,1707,1951
2012-01-03,Spring,1,Jan,0,Selasa,1,Cerah/Sebagian Berawan,89,2147,2236
2012-01-04,Spring,1,Jan,0,Rabu,1,Berkabut/Berawan,95,2273,2368
2012-01-05,Spring,1,Jan,0,Kamis,1,Cerah/Sebagian Berawan,140,3132,3272
2012-01-06,Spring,1,Jan,0,Jumat,1,Cerah/Sebagian Berawan,307,3791,4098
2012-01-07,Spring,1,Jan,0,Sabtu,0,Cerah/Sebagian Berawan,1070,3451,4521
2012-01-08,Spring,1,Jan,0,Minggu,0,Cerah/Sebagian Berawan,599,2826,3425
2012-01-09,Spring,1,Jan,0,Senin,1,Berkabut/Berawan,106,2270,2376
2012-01-10,Spring,1,Jan,0,Selasa,1,Cerah/Sebagian Berawan,173,3425,3598
2012-01-11,Spring,1,Jan,0,Rabu,1,Berkabut/Berawan,92,2085,2177
2012-01-12,Spring,1,Jan,0,Kamis,1,Berkabut/Berawan,269,3828,4097
2012-01-13,Spring,1,Jan,0,Jumat,1,Cerah/Sebagian Berawan,174,3040,3214
2012-01-14,Spring,1,Jan,0,Sabtu,0,Cerah/Sebagian Berawan,333,2160,2493
2012-01-15,Spring,1,Jan,0,Minggu,0,Cerah/Sebagian Berawan,284,2027,2311
2012-01-16,Spring,1,Jan,1,Senin,0,Cerah/Sebagian Berawan,217,2081,2298
2012-01-17,Spring,1,Jan,0,Selasa,1,Berkabut/Berawan,127,2808,2935
2012-01-18,Spring,1,Jan,0,Rabu,1,Cerah/Sebagian Berawan,109,3267,3376
2012-01-19,Spring,1,Jan,0,Kamis,1,Cerah/Sebagian Berawan,130,3162,3292
2012-01-20,Spring,1,Jan,0,Jumat,1,Berkabut/Berawan,115,3048,3163
2012-01-21,Spring,1,Jan,0,Sabtu,0,Berkabut/Berawan,67,1234,1301
2012-01-22,Spring,1,Jan,0,Minggu,0,Berkabut/Berawan,196,1781,1977
2012-01-23,Spring,1,Jan,0,Senin,1,Berkabut/Berawan,145,2287,2432
2012-01-24,Spring,1,Jan,0,Selasa,1,Cerah/Sebagian Berawan,439,3900,4339
2012-01-25,Spring,1,Jan,0,Rabu,1,Cerah/Sebagian Berawan,467,3803,4270
2012-01-26,Spring,1,Jan,0,Kamis,1,Berkabut/Berawan,244,3831,4075
2012-01-27,Spring,1,Jan,0,Jumat,1,Berkabut/Berawan,269,3187,3456
2012-01-28,Spring,1,Jan,0,Sabtu,0,Cerah/Sebagian Berawan,775,3248,4023
2012-01-29,Spring,1,Jan,0,Minggu,0,Cerah/Sebagian Berawan,558,2685,3243
2012-01-30,Spring,1,Jan,0,Senin,1,Cerah/Sebagian Berawan,126,3498,3624
2012-01-31,Spring,1,Jan,0,Selasa,1,Cerah/Sebagian Berawan,324,4185,4509
2012-02-01,Spring,1,Feb,0,Rabu,1,Cerah/Sebagian Berawan,304,4275,4579
2012-02-02,Spring,1,Feb,0,Kamis,1,Berkabut/Berawan,190,3571,3761
2012-02-03,Spring,1,Feb,0,Jumat,1,Cerah/Sebagian Berawan,310,3841,4151
2012-02-04,Spring,1,Feb,0,Sabtu,0,Berkabut/Berawan,384,2448,2832
2012-02-05,Spring,1,Feb,0,Minggu,0,Berkabut/Berawan,318,2629,2947
2012-02-06,Spring,1,Feb,0,Senin,1,Cerah/Sebagian Berawan,206,3578,3784
2012-02-07,Spring,1,Feb,0,Selasa,1,Cerah/Sebagian Berawan,199,4176,4375
2012-02-08,Spring,1,Feb,0,Rabu,1,Berkabut/Berawan,109,2693,2802
2012-02-09,Spring,1,Feb,0,Kamis,1,Cerah/Sebagian Berawan,163,3667,3830
2012-02-10,Spring,1,Feb,0,Jumat,1,Berkabut/Berawan,227,3604,3831
2012-02-11,Spring,1,Feb,0,Sabtu,0,Salju Ringan/Hujan,192,1977,2169
2012-02-12,Spring,1,Feb,0,Minggu,0,Cerah/Sebagian Berawan,73,1456,1529
2012-02-13,Spring,1,Feb,0,Senin,1,Cerah/Sebagian Berawan,94,3328,3422
2012-02-14,Spring,1,Feb,0,Selasa,1,Berkabut/Berawan,135,3787,3922
2012-02-15,Spring,1,Feb,0,Rabu,1,Cerah/Sebagian Berawan,141,4028,4169
2012-02-16,Spring,1,Feb,0,Kamis,1,Berkabut/Berawan,74,2931,3005
2012-02-17,Spring,1,Feb,0,Jumat,1,Cerah/Sebagian Berawan,349,3805,4154
2012-02-18,Spring,1,Feb,0,Sabtu,0,Cerah/Sebagian Berawan,1435,2883,4318
2012-02-19,Spring,1,Feb,0,Minggu,0,Berkabut/Berawan,618,2071,2689
2012-02-20,Spring,1,Feb,1,Senin,0,Cerah/Sebagian Berawan,502,2627,3129
2012-02-21,Spring,1,Feb,0,Selasa,1,Cerah/Sebagian Berawan,163,3614,3777
2012-02-22,Spring,1,Feb,0,Rabu,1,Cerah/Sebagian Berawan,394,4379,4773
2012-02-23,Spring,1,Feb,0,Kamis,1,Cerah/Sebagian Berawan,516,4546,5062
2012-02-24,Spring,1,Feb,0,Jumat,1,Berkabut/Berawan,246,3241,3487
2012-02-25,Spring,1,Feb,0,Sabtu,0,Cerah/Sebagian Berawan,317,2415,2732
2012-02-26,Spring,1,Feb,0,Minggu,0,Cerah/Sebagian Berawan,515,2874,3389
2012-02-27,Spring,1,Feb,0,Senin,1,Cerah/Sebagian Berawan,253,4069,4322
2012-02-28,Spring,1,Feb,0,Selasa,1,Cerah/Sebagian Berawan,229,4134,4363
2012-02-29,Spring,1,Feb,0,Rabu,1,Berkabut/Berawan,65,1769,1834
2012-03-01,Spring,1,Mar,0,Kamis,1,Cerah/Sebagian Berawan,325,4665,4990
2012-03-02,Spring,1,Mar,0,Jumat,1,Berkabut/Berawan,246,2948,3194
2012-03-03,Spring,1,Mar,0,Sabtu,0,Berkabut/Berawan,956,3110,4066
2012-03-04,Spring,1,Mar,0,Minggu,0,Cerah/Sebagian Berawan,710,2713,3423
2012-03-05,Spring,1,Mar,0,Senin,1,Cerah/Sebagian Berawan,203,3130,3333
2012-03-06,Spring,1,Mar,0,Selasa,1,Cerah/Sebagian Berawan,221,3735,3956
2012-03-07,Spring,1,Mar,0,Rabu,1,Cerah/Sebagian Berawan,432,4484,4916
2012-03-08,Spring,1,Mar,0,Kamis,1,Cerah/Sebagian Berawan,486,4896,5382
2012-03-09,Spring,1,Mar,0,Jumat,1,Berkabut/Berawan,447,4122,4569
2012-03-10,Spring,1,Mar,0,Sabtu,0,Cerah/Sebagian Berawan,968,3150,4118
2012-03-11,Spring,1,Mar,0,Minggu,0,Cerah/Sebagian Berawan,1658,3253,4911
2012-03-12,Spring,1,Mar,0,Senin,1,Cerah/Sebagian Berawan,838,4460,5298
2012-03-13,Spring,1,Mar,0,Selasa,1,Cerah/Sebagian Berawan,762,5085,5847
2012-03-14,Spring,1,Mar,0,Rabu,1,Cerah/Sebagian Berawan,997,5315,6312
2012-03-15,Spring,1,Mar,0,Kamis,1,Cerah/Sebagian Berawan,1005,5187,6192
2012-03-16,Spring,1,Mar,0,Jumat,1,Berkabut/Berawan,548,3830,4378
2012-03-17,Spring,1,Mar,0,Sabtu,0,Berkabut/Berawan,3155,4681,7836
2012-03-18,Spring,1,Mar,0,Minggu,0,Berkabut/Berawan,2207,3685,5892
2012-03-19,Spring,1,Mar,0,Senin,1,Cerah/Sebagian Berawan,982,5171,6153
2012-03-20,Spring,1,Mar,0,Selasa,1,Cerah/Sebagian Berawan,1051,5042,6093
2012-03-21,Summer,1,Mar,0,Rabu,1,Berkabut/Berawan,1122,5108,6230
2012-03-22,Summer,1,Mar,0,Kamis,1,Cerah/Sebagian Berawan,1334,5537,6871
2012-03-23,Summer,1,Mar,0,Jumat,1,Berkabut/Berawan,2469,5893,8362
2012-03-24,Summer,1,Mar,0,Sabtu,0,Berkabut/Berawan,1033,2339,3372
2012-03-25,Summer,1,Mar,0,Minggu,0,Berkabut/Berawan,1532,3464,4996
2012-03-26,Summer,1,Mar,0,Senin,1,Cerah/Sebagian Berawan,795,4763,5558
2012-03-27,Summer,1,Mar,0,Selasa,1,Cerah/Sebagian Berawan,531,4571,5102
2012-03-28,Summer,1,Mar,0,Rabu,1,Cerah/Sebagian Berawan,674,5024,5698
2012-03-29,Summer,1,Mar,0,Kamis,1,Cerah/Sebagian Berawan,834,5299,6133
2012-03-30,Summer,1,Mar,0,Jumat,1,Berkabut/Berawan,796,4663,5459
2012-03-31,Summer,1,Mar,0,Sabtu,0,Berkabut/Berawan,2301,3934,6235
2012-04-01,Summer,1,Apr,0,Minggu,0,Berkabut/Berawan,2347,3694,6041
2012-04-02,Summer,1,Apr,0,Senin,1,Cerah/Sebagian Berawan,1208,4728,5936
2012-04-03,Summer,1,Apr,0,Selasa,1,Cerah/Sebagian Berawan,1348,5424,6772
2012-04-04,Summer,1,Apr,0,Rabu,1,Cerah/Sebagian Berawan,1058,5378,6436
2012-04-05,Summer,1,Apr,0,Kamis,1,Cerah/Sebagian Berawan,1192,5265,6457
2012-04-06,Summer,1,Apr,0,Jumat,1,Cerah/Sebagian Berawan,1807,4653,6460
2012-04-07,Summer,1,Apr,0,Sabtu,0,Cerah/Sebagian Berawan,3252,3605,6857
2012-04-08,Summer,1,Apr,0,Minggu,0,Cerah/Sebagian Berawan,2230,2939,5169
2012-04-09,Summer,1,Apr,0,Senin,1,Cerah/Sebagian Berawan,905,4680,5585
2012-04-10,Summer,1,Apr,0,Selasa,1,Cerah/Sebagian Berawan,819,5099,5918
2012-04-11,Summer,1,Apr,0,Rabu,1,Cerah/Sebagian Berawan,482,4380,4862
2012-04-12,Summer,1,Apr,0,Kamis,1,Cerah/Sebagian Berawan,663,4746,5409
2012-04-13,Summer,1,Apr,0,Jumat,1,Cerah/Sebagian Berawan,1252,5146,6398
2012-04-14,Summer,1,Apr,0,Sabtu,0,Cerah/Sebagian Berawan,2795,4665,7460
2012-04-15,Summer,1,Apr,0,Minggu,0,Cerah/Sebagian Berawan,2846,4286,7132
2012-04-16,Summer,1,Apr,1,Senin,0,Cerah/Sebagian Berawan,1198,5172,6370
2012-04-17,Summer,1,Apr,0,Selasa,1,Cerah/Sebagian Berawan,989,5702,6691
2012-04-18,Summer,1,Apr,0,Rabu,1,Berkabut/Berawan,347,4020,4367
2012-04-19,Summer,1,Apr,0,Kamis,1,Cerah/Sebagian Berawan,846,5719,6565
2012-04-20,Summer,1,Apr,0,Jumat,1,Cerah/Sebagian Berawan,1340,5950,7290
2012-04-21,Summer,1,Apr,0,Sabtu,0,Cerah/Sebagian Berawan,2541,4083,6624
2012-04-22,Summer,1,Apr,0,Minggu,0,Salju Ringan/Hujan,120,907,1027
2012-04-23,Summer,1,Apr,0,Senin,1,Berkabut/Berawan,195,3019,3214
2012-04-24,Summer,1,Apr,0,Selasa,1,Cerah/Sebagian Berawan,518,5115,5633
2012-04-25,Summer,1,Apr,0,Rabu,1,Cerah/Sebagian Berawan,655,5541,6196
2012-04-26,Summer,1,Apr,0,Kamis,1,Berkabut/Berawan,475,4551,5026
2012-04-27,Summer,1,Apr,0,Jumat,1,Cerah/Sebagian Berawan,1014,5219,6233
2012-04-28,Summer,1,Apr,0,Sabtu,0,Berkabut/Berawan,1120,3100,4220
2012-04-29,Summer,1,Apr,0,Minggu,0,Cerah/Sebagian Berawan,2229,4075,6304
2012-04-30,Summer,1,Apr,0,Senin,1,Berkabut/Berawan,665,4907,5572
2012-05-01,Summer,1,May,0,Selasa,1,Berkabut/Berawan,653,5087,5740
2012-05-02,Summer,1,May,0,Rabu,1,Cerah/Sebagian Berawan,667,5502,6169
2012-05-03,Summer,1,May,0,Kamis,1,Berkabut/Berawan,764,5657,6421
2012-05-04,Summer,1,May,0,Jumat,1,Cerah/Sebagian Berawan,1069,5227,6296
2012-05-05,Summer,1,May,0,Sabtu,0,Berkabut/Berawan,2496,4387,6883
2012-05-06,Summer,1,May,0,Minggu,0,Berkabut/Berawan,2135,4224,6359
2012-05-07,Summer,1,May,0,Senin,1,Berkabut/Berawan,1008,5265,6273
2012-05-08,Summer,1,May,0,Selasa,1,Berkabut/Berawan,738,4990,5728
2012-05-09,Summer,1,May,0,Rabu,1,Berkabut/Berawan,620,4097,4717
2012-05-10,Summer,1,May,0,Kamis,1,Cerah/Sebagian Berawan,1026,5546,6572
2012-05-11,Summer,1,May,0,Jumat,1,Cerah/Sebagian Berawan,1319,5711,7030
2012-05-12,Summer,1,May,0,Sabtu,0,Cerah/Sebagian Berawan,2622,4807,7429
2012-05-13,Summer,1,May,0,Minggu,0,Cerah/Sebagian Berawan,2172,3946,6118
2012-05-14,Summer,1,May,0,Senin,1,Berkabut/Berawan,342,2501,2843
2012-05-15,Summer,1,May,0,Selasa,1,Berkabut/Berawan,625,4490,5115
2012-05-16,Summer,1,May,0,Rabu,1,Cerah/Sebagian Berawan,991,6433,7424
2012-05-17,Summer,1,May,0,Kamis,1,Cerah/Sebagian Berawan,1242,6142,7384
2012-05-18,Summer,1,May,0,Jumat,1,Cerah/Sebagian Berawan,1521,6118,7639
2012-05-19,Summer,1,May,0,Sabtu,0,Cerah/Sebagian Berawan,3410,4884,8294
2012-05-20,Summer,1,May,0,Minggu,0,Cerah/Sebagian Berawan,2704,4425,7129
2012-05-21,Summer,1,May,0,Senin,1,Berkabut/Berawan,630,3729,4359
2012-05-22,Summer,1,May,0,Selasa,1,Berkabut/Berawan,819,5254,6073
2012-05-23,Summer,1,May,0,Rabu,1,Berkabut/Berawan,766,4494,5260
2012-05-24,Summer,1,May,0,Kamis,1,Cerah/Sebagian Berawan,1059,5711,6770
2012-05-25,Summer,1,May,0,Jumat,1,Cerah/Sebagian Berawan,1417,5317,6734
2012-05-26,Summer,1,May,0,Sabtu,0,Cerah/Sebagian Berawan,2855,3681,6536
2012-05-27,Summer,1,May,0,Minggu,0,Cerah/Sebagian Berawan,3283,3308,6591
2012-05-28,Summer,1,May,1,Senin,0,Cerah/Sebagian Berawan,2557,3486,6043
2012-05-29,Summer,1,May,0,Selasa,1,Cerah/Sebagian Berawan,880,4863,5743
2012-05-30,Summer,1,May,0,Rabu,1,Berkabut/Berawan,745,6110,6855
2012-05-31,Summer,1,May,0,Kamis,1,Cerah/Sebagian Berawan,1100,6238,7338
2012-06-01,Summer,1,Jun,0,Jumat,1,Berkabut/Berawan,533,3594,4127
2012-06-02,Summer,1,Jun,0,Sabtu,0,Cerah/Sebagian Berawan,2795,5325,8120
2012-06-03,Summer,1,Jun,0,Minggu,0,Cerah/Sebagian Berawan,2494,5147,7641
2012-06-04,Summer,1,Jun,0,Senin,1,Cerah/Sebagian Berawan,1071,5927,6998
2012-06-05,Summer,1,Jun,0,Selasa,1,Berkabut/Berawan,968,6033,7001
2012-06-06,Summer,1,Jun,0,Rabu,1,Cerah/Sebagian Berawan,1027,6028,7055
2012-06-07,Summer,1,Jun,0,Kamis,1,Cerah/Sebagian Berawan,1038,6456,7494
2012-06-08,Summer,1,Jun,0,Jumat,1,Cerah/Sebagian Berawan,1488,6248,7736
2012-06-09,Summer,1,Jun,0,Sabtu,0,Cerah/Sebagian Berawan,2708,4790,7498
2012-06-10,Summer,1,Jun,0,Minggu,0,Cerah/Sebagian Berawan,2224,4374,6598
2012-06-11,Summer,1,Jun,0,Senin,1,Berkabut/Berawan,1017,5647,6664
2012-06-12,Summer,1,Jun,0,Selasa,1,Berkabut/Berawan,477,4495,4972
2012-06-13,Summer,1,Jun,0,Rabu,1,Cerah/Sebagian Berawan,1173,6248,7421
2012-06-14,Summer,1,Jun,0,Kamis,1,Cerah/Sebagian Berawan,1180,6183,7363
2012-06-15,Summer,1,Jun,0,Jumat,1,Cerah/Sebagian Berawan,1563,6102,7665
2012-06-16,Summer,1,Jun,0,Sabtu,0,Cerah/Sebagian Berawan,2963,4739,7702
2012-06-17,Summer,1,Jun,0,Minggu,0,Cerah/Sebagian Berawan,2634,4344,6978
2012-06-18,Summer,1,Jun,0,Senin,1,Berkabut/Berawan,653,4446,5099
2012-06-19,Summer,1,Jun,0,Selasa,1,Cerah/Sebagian Berawan,968,5857,6825
2012-06-20,Summer,1,Jun,0,Rabu,1,Cerah/Sebagian Berawan,872,5339,6211
2012-06-21,Fall,1,Jun,0,Kamis,1,Cerah/Sebagian Berawan,778,5127,5905
2012-06-22,Fall,1,Jun,0,Jumat,1,Cerah/Sebagian Berawan,964,4859,5823
2012-06-23,Fall,1,Jun,0,Sabtu,0,Cerah/Sebagian Berawan,2657,4801,7458
2012-06-24,Fall,1,Jun,0,Minggu,0,Cerah/Sebagian Berawan,2551,4340,6891
2012-06-25,Fall,1,Jun,0,Senin,1,Cerah/Sebagian Berawan,1139,5640,6779
2012-06-26,Fall,1,Jun,0,Selasa,1,Cerah/Sebagian Berawan,1077,6365,7442
2012-06-27,Fall,1,Jun,0,Rabu,1,Cerah/Sebagian Berawan,1077,6258,7335
2012-06-28,Fall,1,Jun,0,Kamis,1,Cerah/Sebagian Berawan,921,5958,6879
2012-06-29,Fall,1,Jun,0,Jumat,1,Cerah/Sebagian Berawan,829,4634,5463
2012-06-30,Fall,1,Jun,0,Sabtu,0,Cerah/Sebagian Berawan,1455,4232,5687
2012-07-01,Fall,1,Jul,0,Minggu,0,Cerah/Sebagian Berawan,1421,4110,5531
2012-07-02,Fall,1,Jul,0,Senin,1,Cerah/Sebagian Berawan,904,5323,6227
2012-07-03,Fall,1,Jul,0,Selasa,1,Cerah/Sebagian Berawan,1052,5608,6660
2012-07-04,Fall,1,Jul,1,Rabu,0,Cerah/Sebagian Berawan,2562,4841,7403
2012-07-05,Fall,1,Jul,0,Kamis,1,Cerah/Sebagian Berawan,1405,4836,6241
2012-07-06,Fall,1,Jul,0,Jumat,1,Cerah/Sebagian Berawan,1366,4841,6207
2012-07-07,Fall,1,Jul,0,Sabtu,0,Cerah/Sebagian Berawan,1448,3392,4840
2012-07-08,Fall,1,Jul,0,Minggu,0,Cerah/Sebagian Berawan,1203,3469,4672
2012-07-09,Fall,1,Jul,0,Senin,1,Berkabut/Berawan,998,5571,6569
2012-07-10,Fall,1,Jul,0,Selasa,1,Berkabut/Berawan,954,5336,6290
2012-07-11,Fall,1,Jul,0,Rabu,1,Cerah/Sebagian Berawan,975,6289,7264
2012-07-12,Fall,1,Jul,0,Kamis,1,Cerah/Sebagian Berawan,1032,6414,7446
2012-07-13,Fall,1,Jul,0,Jumat,1,Berkabut/Berawan,1511,5988,7499
2012-07-14,Fall,1,Jul,0,Sabtu,0,Berkabut/Berawan,2355,4614,6969
2012-07-15,Fall,1,Jul,0,Minggu,0,Cerah/Sebagian Berawan,1920,4111,6031
2012-07-16,Fall,1,Jul,0,Senin,1,Cerah/Sebagian Berawan,1088,5742,6830
2012-07-17,Fall,1,Jul,0,Selasa,1,Cerah/Sebagian Berawan,921,5865,6786
2012-07-18,Fall,1,Jul,0,Rabu,1,Cerah/Sebagian Berawan,799,4914,5713
2012-07-19,Fall,1,Jul,0,Kamis,1,Cerah/Sebagian Berawan,888,5703,6591
2012-07-20,Fall,1,Jul,0,Jumat,1,Berkabut/Berawan,747,5123,5870
2012-07-21,Fall,1,Jul,0,Sabtu,0,Salju Ringan/Hujan,1264,3195,4459
2012-07-22,Fall,1,Jul,0,Minggu,0,Berkabut/Berawan,2544,4866,7410
2012-07-23,Fall,1,Jul,0,Senin,1,Cerah/Sebagian Berawan,1135,5831,6966
2012-07-24,Fall,1,Jul,0,Selasa,1,Cerah/Sebagian Berawan,1140,6452,7592
2012-07-25,Fall,1,Jul,0,Rabu,1,Cerah/Sebagian Berawan,1383,6790,8173
2012-07-26,Fall,1,Jul,0,Kamis,1,Cerah/Sebagian Berawan,1036,5825,6861
2012-07-27,Fall,1,Jul,0,Jumat,1,Cerah/Sebagian Berawan,1259,5645,6904
2012-07-28,Fall,1,Jul,0,Sabtu,0,Cerah/Sebagian Berawan,2234,4451,6685
2012-07-29,Fall,1,Jul,0,Minggu,0,Cerah/Sebagian Berawan,2153,4444,6597
2012-07-30,Fall,1,Jul,0,Senin,1,Cerah/Sebagian Berawan,1040,6065,7105
2012-07-31,Fall,1,Jul,0,Selasa,1,Cerah/Sebagian Berawan,968,6248,7216
2012-08-01,Fall,1,Aug,0,Rabu,1,Cerah/Sebagian Berawan,1074,6506,7580
2012-08-02,Fall,1,Aug,0,Kamis,1,Cerah/Sebagian Berawan,983,6278,7261
2012-08-03,Fall,1,Aug,0,Jumat,1,Berkabut/Berawan,1328,5847,7175
2012-08-04,Fall,1,Aug,0,Sabtu,0,Cerah/Sebagian Berawan,2345,4479,6824
2012-08-05,Fall,1,Aug,0,Minggu,0,Cerah/Sebagian Berawan,1707,3757,5464
2012-08-06,Fall,1,Aug,0,Senin,1,Berkabut/Berawan,1233,5780,7013
2012-08-07,Fall,1,Aug,0,Selasa,1,Berkabut/Berawan,1278,5995,7273
2012-08-08,Fall,1,Aug,0,Rabu,1,Berkabut/Berawan,1263,6271,7534
2012-08-09,Fall,1,Aug,0,Kamis,1,Cerah/Sebagian Berawan,1196,6090,7286
2012-08-10,Fall,1,Aug,0,Jumat,1,Berkabut/Berawan,1065,4721,5786
2012-08-11,Fall,1,Aug,0,Sabtu,0,Berkabut/Berawan,2247,4052,6299
2012-08-12,Fall,1,Aug,0,Minggu,0,Cerah/Sebagian Berawan,2182,4362,6544
2012-08-13,Fall,1,Aug,0,Senin,1,Cerah/Sebagian Berawan,1207,5676,6883
2012-08-14,Fall,1,Aug,0,Selasa,1,Cerah/Sebagian Berawan,1128,5656,6784
2012-08-15,Fall,1,Aug,0,Rabu,1,Cerah/Sebagian Berawan,1198,6149,7347
2012-08-16,Fall,1,Aug,0,Kamis,1,Cerah/Sebagian Berawan,1338,6267,7605
2012-08-17,Fall,1,Aug,0,Jumat,1,Cerah/Sebagian Berawan,1483,5665,7148
2012-08-18,Fall,1,Aug,0,Sabtu,0,Cerah/Sebagian Berawan,2827,5038,7865
2012-08-19,Fall,1,Aug,0,Minggu,0,Berkabut/Berawan,1208,3341,4549
2012-08-20,Fall,1,Aug,0,Senin,1,Berkabut/Berawan,1026,5504,6530
2012-08-21,Fall,1,Aug,0,Selasa,1,Cerah/Sebagian Berawan,1081,5925,7006
2012-08-22,Fall,1,Aug,0,Rabu,1,Cerah/Sebagian Berawan,1094,6281,7375
2012-08-23,Fall,1,Aug,0,Kamis,1,Cerah/Sebagian Berawan,1363,6402,7765
2012-08-24,Fall,1,Aug,0,Jumat,1,Berkabut/Berawan,1325,6257,7582
2012-08-25,Fall,1,Aug,0,Sabtu,0,Berkabut/Berawan,1829,4224,6053
2012-08-26,Fall,1,Aug,0,Minggu,0,Berkabut/Berawan,1483,3772,5255
2012-08-27,Fall,1,Aug,0,Senin,1,Cerah/Sebagian Berawan,989,5928,6917
2012-08-28,Fall,1,Aug,0,Selasa,1,Cerah/Sebagian Berawan,935,6105,7040
2012-08-29,Fall,1,Aug,0,Rabu,1,Cerah/Sebagian Berawan,1177,6520,7697
2012-08-30,Fall,1,Aug,0,Kamis,1,Cerah/Sebagian Berawan,1172,6541,7713
2012-08-31,Fall,1,Aug,0,Jumat,1,Cerah/Sebagian Berawan,1433,5917,7350
2012-09-01,Fall,1,Sep,0,Sabtu,0,Berkabut/Berawan,2352,3788,6140
2012-09-02,Fall,1,Sep,0,Minggu,0,Berkabut/Berawan,2613,3197,5810
2012-09-03,Fall,1,Sep,1,Senin,0,Cerah/Sebagian Berawan,1965,4069,6034
2012-09-04,Fall,1,Sep,0,Selasa,1,Cerah/Sebagian Berawan,867,5997,6864
2012-09-05,Fall,1,Sep,0,Rabu,1,Cerah/Sebagian Berawan,832,6280,7112
2012-09-06,Fall,1,Sep,0,Kamis,1,Berkabut/Berawan,611,5592,6203
2012-09-07,Fall,1,Sep,0,Jumat,1,Cerah/Sebagian Berawan,1045,6459,7504
2012-09-08,Fall,1,Sep,0,Sabtu,0,Berkabut/Berawan,1557,4419,5976
2012-09-09,Fall,1,Sep,0,Minggu,0,Cerah/Sebagian Berawan,2570,5657,8227
2012-09-10,Fall,1,Sep,0,Senin,1,Cerah/Sebagian Berawan,1118,6407,7525
2012-09-11,Fall,1,Sep,0,Selasa,1,Cerah/Sebagian Berawan,1070,6697,7767
2012-09-12,Fall,1,Sep,0,Rabu,1,Cerah/Sebagian Berawan,1050,6820,7870
2012-09-13,Fall,1,Sep,0,Kamis,1,Cerah/Sebagian Berawan,1054,6750,7804
2012-09-14,Fall,1,Sep,0,Jumat,1,Cerah/Sebagian Berawan,1379,6630,8009
2012-09-15,Fall,1,Sep,0,Sabtu,0,Cerah/Sebagian Berawan,3160,5554,8714
2012-09-16,Fall,1,Sep,0,Minggu,0,Cerah/Sebagian Berawan,2166,5167,7333
2012-09-17,Fall,1,Sep,0,Senin,1,Berkabut/Berawan,1022,5847,6869
2012-09-18,Fall,1,Sep,0,Selasa,1,Berkabut/Berawan,371,3702,4073
2012-09-19,Fall,1,Sep,0,Rabu,1,Cerah/Sebagian Berawan,788,6803,7591
2012-09-20,Fall,1,Sep,0,Kamis,1,Cerah/Sebagian Berawan,939,6781,7720
2012-09-21,Fall,1,Sep,0,Jumat,1,Cerah/Sebagian Berawan,1250,6917,8167
2012-09-22,Fall,1,Sep,0,Sabtu,0,Cerah/Sebagian Berawan,2512,5883,8395
2012-09-23,Winter,1,Sep,0,Minggu,0,Cerah/Sebagian Berawan,2454,5453,7907
2012-09-24,Winter,1,Sep,0,Senin,1,Cerah/Sebagian Berawan,1001,6435,7436
2012-09-25,Winter,1,Sep,0,Selasa,1,Cerah/Sebagian Berawan,845,6693,7538
2012-09-26,Winter,1,Sep,0,Rabu,1,Cerah/Sebagian Berawan,787,6946,7733
2012-09-27,Winter,1,Sep,0,Kamis,1,Berkabut/Berawan,751,6642,7393
2012-09-28,Winter,1,Sep,0,Jumat,1,Berkabut/Berawan,1045,6370,7415
2012-09-29,Winter,1,Sep,0,Sabtu,0,Cerah/Sebagian Berawan,2589,5966,8555
2012-09-30,Winter,1,Sep,0,Minggu,0,Cerah/Sebagian Berawan,2015,4874,6889
2012-10-01,Winter,1,Oct,0,Senin,1,Berkabut/Berawan,763,6015,6778
2012-10-02,Winter,1,Oct,0,Selasa,1,Salju Ringan/Hujan,315,4324,4639
2012-10-03,Winter,1,Oct,0,Rabu,1,Berkabut/Berawan,728,6844,7572
2012-10-04,Winter,1,Oct,0,Kamis,1,Berkabut/Berawan,891,6437,7328
2012-10-05,Winter,1,Oct,0,Jumat,1,Cerah/Sebagian Berawan,1516,6640,8156
2012-10-06,Winter,1,Oct,0,Sabtu,0,Cerah/Sebagian Berawan,3031,4934,7965
2012-10-07,Winter,1,Oct,0,Minggu,0,Berkabut/Berawan,781,2729,3510
2012-10-08,Winter,1,Oct,1,Senin,0,Berkabut/Berawan,874,4604,5478
2012-10-09,Winter,1,Oct,0,Selasa,1,Berkabut/Berawan,601,5791,6392
2012-10-10,Winter,1,Oct,0,Rabu,1,Cerah/Sebagian Berawan,780,6911,7691
2012-10-11,Winter,1,Oct,0,Kamis,1,Cerah/Sebagian Berawan,834,6736,7570
2012-10-12,Winter,1,Oct,0,Jumat,1,Cerah/Sebagian Berawan,1060,6222,7282
2012-10-13,Winter,1,Oct,0,Sabtu,0,Cerah/Sebagian Berawan,2252,4857,7109
2012-10-14,Winter,1,Oct,0,Minggu,0,Cerah/Sebagian Berawan,2080,4559,6639
2012-10-15,Winter,1,Oct,0,Senin,1,Berkabut/Berawan,760,5115,5875
2012-10-16,Winter,1,Oct,0,Selasa,1,Cerah/Sebagian Berawan,922,6612,7534
2012-10-17,Winter,1,Oct,0,Rabu,1,Cerah/Sebagian Berawan,979,6482,7461
2012-10-18,Winter,1,Oct,0,Kamis,1,Berkabut/Berawan,1008,6501,7509
2012-10-19,Winter,1,Oct,0,Jumat,1,Berkabut/Berawan,753,4671,5424
2012-10-20,Winter,1,Oct,0,Sabtu,0,Cerah/Sebagian Berawan,2806,5284,8090
2012-10-21,Winter,1,Oct,0,Minggu,0,Cerah/Sebagian Berawan,2132,4692,6824
2012-10-22,Winter,1,Oct,0,Senin,1,Cerah/Sebagian Berawan,830,6228,7058
2012-10-23,Winter,1,Oct,0,Selasa,1,Cerah/Sebagian Berawan,841,6625,7466
2012-10-24,Winter,1,Oct,0,Rabu,1,Cerah/Sebagian Berawan,795,6898,7693
2012-10-25,Winter,1,Oct,0,Kamis,1,Berkabut/Berawan,875,6484,7359
2012-10-26,Winter,1,Oct,0,Jumat,1,Berkabut/Berawan,1182,6262,7444
2012-10-27,Winter,1,Oct,0,Sabtu,0,Berkabut/Berawan,2643,5209,7852
2012-10-28,Winter,1,Oct,0,Minggu,0,Berkabut/Berawan,998,3461,4459
2012-10-29,Winter,1,Oct,0,Senin,1,Salju Ringan/Hujan,2,20,22
2012-10-30,Winter,1,Oct,0,Selasa,1,Berkabut/Berawan,87,1009,1096
2012-10-31,Winter,1,Oct,0,Rabu,1,Berkabut/Berawan,419,5147,5566
2012-11-01,Winter,1,Nov,0,Kamis,1,Berkabut/Berawan,466,5520,5986
2012-11-02,Winter,1,Nov,0,Jumat,1,Cerah/Sebagian Berawan,618,5229,5847
2012-11-03,Winter,1,Nov,0,Sabtu,0,Berkabut/Berawan,1029,4109,5138
2012-11-04,Winter,1,Nov,0,Minggu,0,Cerah/Sebagian Berawan,1201,3906,5107
2012-11-05,Winter,1,Nov,0,Senin,1,Cerah/Sebagian Berawan,378,4881,5259
2012-11-06,Winter,1,Nov,0,Selasa,1,Cerah/Sebagian Berawan,466,5220,5686
2012-11-07,Winter,1,Nov,0,Rabu,1,Berkabut/Berawan,326,4709,5035
2012-11-08,Winter,1,Nov,0,Kamis,1,Cerah/Sebagian Berawan,340,4975,5315
2012-11-09,Winter,1,Nov,0,Jumat,1,Cerah/Sebagian Berawan,709,5283,5992
2012-11-10,Winter,1,Nov,0,Sabtu,0,Cerah/Sebagian Berawan,2090,4446,6536
2012-11-11,Winter,1,Nov,0,Minggu,0,Cerah/Sebagian Berawan,2290,4562,6852
2012-11-12,Winter,1,Nov,1,Senin,0,Cerah/Sebagian Berawan,1097,5172,6269
2012-11-13,Winter,1,Nov,0,Selasa,1,Berkabut/Berawan,327,3767,4094
2012-11-14,Winter,1,Nov,0,Rabu,1,Cerah/Sebagian Berawan,373,5122,5495
2012-11-15,Winter,1,Nov,0,Kamis,1,Berkabut/Berawan,320,5125,5445
2012-11-16,Winter,1,Nov,0,Jumat,1,Cerah/Sebagian Berawan,484,5214,5698
2012-11-17,Winter,1,Nov,0,Sabtu,0,Cerah/Sebagian Berawan,1313,4316,5629
2012-11-18,Winter,1,Nov,0,Minggu,0,Cerah/Sebagian Berawan,922,3747,4669
2012-11-19,Winter,1,Nov,0,Senin,1,Berkabut/Berawan,449,5050,5499
2012-11-20,Winter,1,Nov,0,Selasa,1,Berkabut/Berawan,534,5100,5634
2012-11-21,Winter,1,Nov,0,Rabu,1,Cerah/Sebagian Berawan,615,4531,5146
2012-11-22,Winter,1,Nov,1,Kamis,0,Cerah/Sebagian Berawan,955,1470,2425
2012-11-23,Winter,1,Nov,0,Jumat,1,Cerah/Sebagian Berawan,1603,2307,3910
2012-11-24,Winter,1,Nov,0,Sabtu,0,Cerah/Sebagian Berawan,532,1745,2277
2012-11-25,Winter,1,Nov,0,Minggu,0,Cerah/Sebagian Berawan,309,2115,2424
2012-11-26,Winter,1,Nov,0,Senin,1,Cerah/Sebagian Berawan,337,4750,5087
2012-11-27,Winter,1,Nov,0,Selasa,1,Berkabut/Berawan,123,3836,3959
2012-11-28,Winter,1,Nov,0,Rabu,1,Cerah/Sebagian Berawan,198,5062,5260
2012-11-29,Winter,1,Nov,0,Kamis,1,Cerah/Sebagian Berawan,243,5080,5323
2012-11-30,Winter,1,Nov,0,Jumat,1,Cerah/Sebagian Berawan,362,5306,5668
2012-12-01,Winter,1,Dec,0,Sabtu,0,Berkabut/Berawan,951,4240,5191
2012-12-02,Winter,1,Dec,0,Minggu,0,Berkabut/Berawan,892,3757,4649
2012-12-03,Winter,1,Dec,0,Senin,1,Cerah/Sebagian Berawan,555,5679,6234
2012-12-04,Winter,1,Dec,0,Selasa,1,Cerah/Sebagian Berawan,551,6055,6606
2012-12-05,Winter,1,Dec,0,Rabu,1,Cerah/Sebagian Berawan,331,5398,5729
2012-12-06,Winter,1,Dec,0,Kamis,1,Cerah/Sebagian Berawan,340,5035,5375
2012-12-07,Winter,1,Dec,0,Jumat,1,Berkabut/Berawan,349,4659,5008
2012-12-08,Winter,1,Dec,0,Sabtu,0,Berkabut/Berawan,1153,4429,5582
2012-12-09,Winter,1,Dec,0,Minggu,0,Berkabut/Berawan,441,2787,3228
2012-12-10,Winter,1,Dec,0,Senin,1,Berkabut/Berawan,329,4841,5170
2012-12-11,Winter,1,Dec,0,Selasa,1,Berkabut/Berawan,282,5219,5501
2012-12-12,Winter,1,Dec,0,Rabu,1,Berkabut/Berawan,310,5009,5319
2012-12-13,Winter,1,Dec,0,Kamis,1,Cerah/Sebagian Berawan,425,5107,5532
2012-12-14,Winter,1,Dec,0,Jumat,1,Cerah/Sebagian Berawan,429,5182,5611
2012-12-15,Winter,1,Dec,0,Sabtu,0,Cerah/Sebagian Berawan,767,4280,5047
2012-12-16,Winter,1,Dec,0,Minggu,0,Berkabut/Berawan,538,3248,3786
2012-12-17,Winter,1,Dec,0,Senin,1,Berkabut/Berawan,212,4373,4585
2012-12-18,Winter,1,Dec,0,Selasa,1,Cerah/Sebagian Berawan,433,5124,5557
2012-12-19,Winter,1,Dec,0,Rabu,1,Cerah/Sebagian Berawan,333,4934,5267
2012-12-20,Winter,1,Dec,0,Kamis,1,Berkabut/Berawan,314,3814,4128
2012-12-21,Spring,1,Dec,0,Jumat,1,Berkabut/Berawan,221,3402,3623
2012-12-22,Spring,1,Dec,0,Sabtu,0,Cerah/Sebagian Berawan,205,1544,1749
2012-12-23,Spring,1,Dec,0,Minggu,0,Cerah/Sebagian Berawan,408,1379,1787
2012-12-24,Spring,1,Dec,0,Senin,1,Berkabut/Berawan,174,746,920
2012-12-25,Spring,1,Dec,1,Selasa,0,Berkabut/Berawan,440,573,1013
2012-12-26,Spring,1,Dec,0,Rabu,1,Salju Ringan/Hujan,9,432,441
2012-12-27,Spring,1,Dec,0,Kamis,1,Berkabut/Berawan,247,1867,2114
2012-12-28,Spring,1,Dec,0,Jumat,1,Berkabut/Berawan,644,2451,3095
2012-12-29,Spring,1,Dec,0,Sabtu,0,Berkabut/Berawan,159,1182,1341
2012-12-30,Spring,1,Dec,0,Minggu,0,Cerah/Sebagian Berawan,364,1432,1796
2012-12-31,Spring,1,Dec,0,Senin,1,Berkabut/Berawan,439,2290,2729
